,Model,Score
2,Lasso,0.7956307980394748
0,Linear Regression,0.7956259531901217
1,Ridge,0.7956256020361072
3,ElasticNet,0.7955047727556401
