,vif,feature
0,1.0047774784440473,Process temperature [K]
1,5.154221211170755,Rotational speed [rpm]
2,5.222898751111092,Torque [Nm]
3,1.039903589197423,Tool wear [min]
4,1.0155841604886742,TWF
5,1.0249760487358963,HDF
6,1.2121522890090792,PWF
7,1.0825965326508984,OSF
8,1.0020146491678286,RNF
